,capsici_1106,capsici_1101,michi_contigs
0,3.377963645943098,6.080735032602252,10.601694915254237
1,4.452045081259202,4.46227361065167,6.345971494306947
2,0.9127347508924414,0.9072231404958677,0.8085473929832694
3,3.085573230938014,2.329996548153262,2.458299949013038
4,0.7662916989914662,1.2197456162015312,0.9002460809332847
5,0.9832386577794854,0.9846849315068493,1.0900666706207134
6,0.4369949590131046,0.4376377473363775,0.48447407583142815
